0,365everydaymacncheese.jpg
5,Alaway.png
10,anniesmac.jpg
15,anniesshells.jpg
20,anniewhiteshells.jpeg
25,balancechocolatemintcookiecrunch.jpg
30,bandaid.png
35,blinkcontacts.png
40,blue.png
45,bluebones.png
50,BonkOuts.jpg
55,BonkOutsElephant.jpg
60,chamomile.png
65,chocolatepeanutbuttercheerios.jpeg
70,cleareyes.png
75,cleareyescool.png
80,cleareyesitchy.png
85,cleareyestriple.png
90,Conair1875.png
95,ConairProStyler.png
100,cornflakes.jpeg
105,detox.png
110,dovegofresh.png
115,dovepink.png
120,doverevitalize.png
125,doveshea.png
130,dovewhite.png
135,fruitstri.jpg
140,gardeninmanderin.png
145,golbarchocolateseasalt.png
150,hersheys.png
155,HotShotAntBait.png
160,HotShotFogger.png
165,lego1968fordmustangfastback.jpg
170,legocity4x4responseunit.jpg
175,legocityairshowjet.jpg
180,legocityambulancehelicopter.jpg
185,legocityarcticexplorationteam.jpg
190,legocityarcticicecrawler.jpg
195,legocityarcticiceglider.jpg
200,legocityatvraceteam.jpg
205,legocityforesttractor.jpg
210,legocityjunglestarterset.jpeg
215,legocityminingpowersplitter.jpg
220,legocityminingteam.jpg
225,legocitymonstertruck.jpg
230,legocitymountainfugitives.jpg
235,legocityoff-roadchase.jpg
240,legocitypeoplepackoutdooradventures.jpg
245,legocitypickupcaravan.jpg
250,legocitypizzavan.jpeg
255,legocityroadrepairtruck.jpg
260,legocitysearchrescueplane.jpg
265,legocitywilddriverescape.jpg
270,legoclassic.jpg
275,legodaredevilstuntplane.jpg
280,legodestinyswing.jpg
285,legodroneexplorer.jpg
290,legoduplomyfirstpuzzlepets.jpg
295,legoeggheadmechfoodfight.jpg
300,legoextremeengines.jpg
305,legoferrari488gt3scuderlaccoesa.jpg
310,legojunionsunderminerbankheist.jpg
315,legojuniorsarielsunderwaterconcert.jpg
320,legojuniorsbatmanvsmrfreeze.jpg
325,legojuniorsmiasorganicfoodmarket.jpg
330,legojuniorsmountainpolicechase.jpg
335,legojuniorspteranodoneescape.jpg
340,legojuniorssmokeysgarage.jpg
345,legomythicalcreatures.jpg
350,legooutbackadventures.jpg
355,legoporsche919hybrid.jpg
360,legorocketrallycar.jpg
365,legospinjutzutraining.jpg
370,legotechnicfirstresponder.jpg
375,legotechnicracingyacht.jpg
380,legotechnicroadworkcrew.jpg
385,legothejusticeleagueanniversaryparty.jpg
390,legounikittycloudcar.jpg
395,Loreal6.png
400,Loreal612G.png
405,LorealLB02.png
410,munkpackproteincookieoatmealraisinspice.jpg
415,MyCashRegister.png
420,naturemade.png
425,oatmegachocolatepeanut.jpg
430,Ocuvite.png
435,ollyproteinbarchocolatecoconutchip.jpg
440,ollyproteinbarpeanutbutterchocolate.jpg
445,ollyproteinbarssaltedcaramelchocolate.jpg
450,ollyproteinbarzestylemoncreme.jpg
455,Optifree.jpg
460,pepperminttea.jpg
465,pureproteinbardarkchocolatecocount.jpg
470,ramenbroth.png
475,Replenish.png
480,riseproteinalmondhoney.jpg
485,Rohto.png
490,RohtoCool.png
495,screenprotector.png
500,sleepytime.png
505,stashchaispice.jpg
510,SwifferDuster.png
515,SwifferSweeper.png
520,systane.png
525,vegaproteinbarchocolatepeanutbutter.jpeg
530,vegaproteinbarsaltedcaramel.jpg
535,vegaproteinsnackbarblueberryoat.jpg
540,vegaproteinsnackbarcoconutalmond.jpg
545,vegasportproteinbarcrunchypeanutbutter.jpg
550,VisineAC.png
555,visinecontacts.png
560,VisineDryEye.png
565,VisineOriginal.png
570,VisineTotality.png
