0,21ungarischetanze.jpg
5,51songskidslove.jpg
10,AbsoluteDisneyVol1.jpg
15,AbsoluteDisneyVol2.jpg
20,AbsoluteDisneyVol3.jpg
25,adambomb.png
30,adele.png
35,albinoniadagiopachelbelcanon.jpeg
40,alicecooper.png
45,anitaliansongbook.jpg
50,anthonyhamilton.png
55,babydriver.png
60,babydriverv2.png
65,babyonemoretime.jpg
70,bamboo.jpg
75,beethovensymphonies4and5.jpg
80,beethovenyoyomaemanuelax.jpg
85,bemylove.jpg
90,bestofjimihendrix.png
95,BestOfRaffi.jpg
100,billwithers.png
105,bizet.jpg
110,blacksabbath.png
115,blacksummersnight.png
120,bloodondancefloor.png
125,bobmarley.png
130,brahmspianosonatano3.jpg
135,brahmssymphonieno3.jpg
140,brahmssymphonieno4.jpg
145,butterflylovers.jpg
150,camila.png
155,carusoinsong.jpg
160,chantdamour.jpg
165,charliebrownchristmas.jpeg
170,chopinjonnakamatsu.jpg
175,christinaaguilera.png
180,confessions.png
185,crypretty.png
190,deadmans.png
195,Descendants.jpg
200,DespicableMe3.jpg
205,deutschegrammophon.jpg
210,dhkhaled.png
215,diefledermaus.jpg
220,DisneyChildrensFavVol1.jpg
225,DisneyKaraokeSeries.jpg
230,DisneyKaraokeSeriesMoana.jpg
235,dualipa.png
240,durk.png
245,elvisanafternoon.png
250,elviscountry.jpg
255,encore.jpg
260,evanescence.png
265,fivefingerdeath.png
270,Frozen.jpg
275,funandfrolic.jpg
280,gigli.jpg
285,GraceVan.jpg
290,greatcelloconcertos.jpeg
295,gunsnroses.png
300,gwenstefanichristmas.png
305,heroines.jpg
310,horowitzthelastrecording.jpeg
315,ifyouloveme.jpg
320,imaginedragons.png
325,janesaddiction.png
330,jcole.png
335,jimihendrixcry.png
340,jimihendrixexperienced.png
345,jimihendrixmachine.png
350,johnlegenddarkness.png
355,johnlenonimagine.png
360,juicyj.png
365,jussibjoerling.jpeg
370,justintimberlake.png
375,kendricklamar.png
380,kendricklamardamn.png
385,kendricklamardamnred.png
390,KidzBop35.jpg
395,KidzBopGreatestHits.jpg
400,kingsofleon.png
405,kirkfranklin.png
410,lemonade.png
415,liszthungarianrhapsodies.jpeg
420,LullapopLullabies.jpg
425,macmiller.png
430,meatloaf.png
435,mgmt.png
440,MickeyMouseClubhouse.jpg
445,midoriliveatcarnegiehall.jpg
450,migos.png
455,migosculture.png
460,miguel.png
465,millennium.jpg
470,mjessential .png
475,NowThatsWhatICallDisney.jpg
480,NowThatsWhatICallDisney2.jpg
485,NowThatsWhatICallDisney3.jpg
490,NowThatsWhatICallDisneyJr.jpg
495,NowThatsWhatICallDisneyPrincess.jpg
500,NurseryRhymesDisneyJr.jpg
505,OlafsFrozen.jpg
510,oopsididitagain.jpeg
515,pagnini.jpg
520,phantomoftheopera.jpeg
525,pinkfloydatom.jpg
530,pinkfloydfinal.png
535,pinkfloydriver.png
540,postmalone.png
545,PrincessPop.jpg
550,RaffiDog.jpg
555,rickandmorty.png
560,rollingstoneshavana.png
565,rossini.jpg
570,secretgarden.jpg
575,selena.jpg
580,Sing.jpg
585,soulmarv.png
590,SplashAndBubbles.jpg
595,stevevai.png
600,Sweetner.jpg
605,tajmahal.png
610,tearsforfears.png
615,thecommodores.png
620,threedaysgrace.png
625,ToddlersFav.jpg
630,trench.png
635,Trolls.jpg
640,troysivan.png
645,wegotitfromhere.png
650,whitneyhouston.png
655,wutang.png
660,yogotti.png
